HP,Refurbished HP nVIDIA Quadro K4000 GPU 3GB PCIE x16 2xDP/DVI 700104-001 713381-001 C2J94AA,99.12,Free Shipping
HP,Refurbished HP NVIDIA GeForce GT 730 2GB DDR3 PCIe x8 802315-001 822349-001 N3R90AT N3R90AA,93.00,Free Shipping
HP,Refurbished HP AMD Radeon Pro WX 9100 16GB Graphics Card - 2TF01AT,1290.00,Free Shipping
HP,Refurbished HP 637995-001 ATI Radeon HD 6350 512MB PCIE x16 Video Card with VGA Y cord Full,49.00,$10.00 Shipping
HP,Refurbished HP Radeon 6350 LP 512MB Single Fan GDDR3 637995-001 Video Graphics Card GPU,19.85,Special Shipping
HP,Refurbished 783874-001 HP Nvidia Quadro K2200 4GB GDDR5 PCI-E X16 Graphics Video,116.84,Special Shipping
HP,Refurbished HP Quadro K6000 Single Fan 12GB GDDR5 713207-002 Video Graphic Card GPU,526.55,Special Shipping
HP,Refurbished HP nVIDIA Quadro P4000 8GB GDDR5 PCI-E 3.0 x16 900-5G410-0350-001 919989-002,359.00,Free Shipping
HP,Refurbished HP 637995-001 ATI Radeon HD 6350 512MB PCIE x16 Video Card with VGA Y cord Full,49.00,$10.00 Shipping
HP,Refurbished 1GB HP Quadro 2000 Graphics Card GDDR5 PCI Express 2.0 x16 DVI-I 2x DisplayPort WS094AA,165.00,$10.00 Shipping
HP,Refurbished 2GB HP Quadro K2000 GDDR5 PCI Express 2.0 x16 2x Displayports DVI Graphic Card C2J93AT,165.00,$10.00 Shipping
HP,Refurbished HP Radeon HD 8350 Graphic Card - 1 GB DDR3 SDRAM - PCI Express 3.0 x16 - Low-profile,129.00,$10.00 Shipping
HP,Refurbished 2GB HP nVIDIA Quadro 4000 PCI Express 2.0 x16 GDDR5 DVI-I 2 X DisplayPort WS095AT,249.75,$10.00 Shipping
HP,Refurbished HP nVIDIA Quadro K4000 GPU 3GB PCIE x16 Dual DP/DVI 700104-001 713381-001 C2J94AT,99.12,Free Shipping
HP,Refurbished HP nVidia Quadro RTX5000 16Gb GDDR6 PCIe 3.0x16 4xDP USB-C L40548-002 L44055-001 900-5G180-0300-001 F,1859.00,$18.00 Shipping
HP,Refurbished HP nVIDIA Quadro FX3000 FX 3000 AGP 256MB 345382-001 345854-001,229.00,$11.00 Shipping
HP,Refurbished HP Nvdia RTX A4000 16GB GDDR6 ECC 4xDP 900-5G190-0300-000 M12947-001 M41415-001,873.00,$18.00 Shipping
HP,Refurbished General Electric HP nVIDIA Quadro FX1500 412834-001 413109-001 900-50455-0300-000 412834-M01,295.00,$11.00 Shipping
HP,Refurbished HP QP027AA Radeon HD 6570 Graphic Card - 1 GB DDR3 SDRAM - PCI Express 2.0 x16 - Full-height,89.00,$11.00 Shipping
HP,Refurbished HP Quadro 5000 PCIe 2.5GB DVI 2xDP 608532-002 900-52007-0350-000 671138-001,199.00,$18.00 Shipping
HP,Refurbished HP Nvidia GeForce GT530 2GB HDMI DVI PCI-Express 649668-001 657106-001,109.00,$11.00 Shipping
HP,Refurbished HP nVIDIA GeForce GT730 1GB HDMI DVI PCI-E x8 917883-002 918361-002 917883-ZH2,99.00,$11.00 Shipping
HP,Refurbished HP Quadro K1200 4GB 4xDP PCI-e x16 L4D16AA 801195-002 846583-001 900-5G200-0300-100 T7T59AT,269.00,$11.00 Shipping
HP,Refurbished AMD Radeon RX 460 2GB GDDR5 PCI-e 3.0 x16 HDMI| DisplayPort & DVI| HP 910486-002,56.99,Free Shipping
P Radeon HD 4550 512MB DDR3 PCI Express x16 Low Profile Ready Video Card SG764AT,165.00,$10.00 Shipping
HP,HP Tesla K40c Graphic Card - 5 GB GDDR5,1323.35,$10.00 Shipping
HP,HP INC. - NSB OPTIONS Z9H51AA NVIDIA GEFORCE GT 730 DP 2GB,192.48,Free Shipping
HP,Used - Like New RX540 HP AMD Radeon 2GB GDDR5 PCI-E 3.0 X16 Laptop Graphics Card L17316-001 Laptop Video Cards,47.24,Special Shipping
HP,Refurbished HP AMD Radeon Pro WX 9100 16GB Graphics Card - 2TF01AT,1290.00,Free Shipping
HP,Refurbished HP nVIDIA Quadro P4000 8GB GDDR5 PCI-E 3.0 x16 900-5G410-0350-001 919989-002,359.00,Free Shipping
