HP,HP RTX A4000 16GB GDDR6 PCI Express 4.0 x16 Video Card 20X24AT,1219.99,Free Shipping
HP,NVIDIA T1000 Other PCI Express 8GB Graphics Card| Black (5Z7D8AT),469.99,Free Shipping
HP,HP Radeon Pro WX 3200 Graphic Card - 4 GB GDDR5 - Low-profile - 128 bit Bus Width,247.53,Free Shipping
HP,HP NVIDIA Quadro T1000 4GB GDDR6 PCIe Graphic Card 20X22AT,415.21,Special Shipping
HP,HP NVIDIA RTX A2000 6GB GDDR6 Graphic Card 340L0AA,449.99,Free Shipping
HP,HP INC. 2TF08AT SBUY RADEON PRO WX 3100 4GB GRAPHICS,169.99,Free Shipping
HP,HPE Tesla V100 Graphic Card - 1 GPUs - 32 GB HBM2,4950.00,Free Shipping
HP,HP GeForce GT 630 Graphic Card - 2 GB DDR3 SDRAM - PCI Express x16,183.00,Free Shipping
HP,HP Nvidia RTX 3090 FHR M24410-001 Gaming Video Graphics Card Ampere GPU 24GB GDDR6X Non-LHR Full Hash Rate,1699.00,Free Shipping
HP,HP AMD FirePro W2100 2GB 128bit DDR3 PCI-E 3.0 102C5790901 762896-002 854244-001,119.00,Free Shipping
HP,HP Z0B15AT Amd Radeon Pro Wx 4100 - Graphics Card - Radeon Pro Wx 4100 - 4 Gb Gddr5 - Pcie 3.0 X16 Low Profile - 4 X Mini Displayport - Promo - For Workstation Z240,449.00,Free Shipping
HP,HPE Tesla T4 Graphic Card 16 GB R0W29A,1780.00,Free Shipping
HP,HP N3R91AT AMD Radeon R9 350 2GB X16 GFX Graphics Cards,314.00,Free Shipping
HP,HP Nvidia NVS 315 Graphics Card for Z Series Workstations (Smart Buy Pricing),79.00,Free Shipping
HP,HP NVIDIA T400 2GB GDDR6 Low-profile PCIe Graphics Card 340K8AA,289.00,Free Shipping
HP,HP Radeon R7 450 4GB GDDR5 PCI Express PCIe DVI Video Card HDMI DisplayPort,298.00,Free Shipping
HP,HP ATI Radeon HD4550 Graphic Card| 538051-001,143.00,Free Shipping
HP,HP Radeon R9 350 Graphic Card - 2 GB - PCI Express 3.0 x16,303.00,Free Shipping
HP,653329-001 102C3260300 AMD Firepro V7900 2GB 4X Displayport PCI-EXPRESS Graphics Video Card 654596-001 PCI-EXPRESS Video Cards,203.00,Free Shipping
HP,HP GeForce GT 630 Graphic Card - PCI Express x16,183.00,Free Shipping
HP,HP NVIDIA Quadro Sync Board,979.00,Free Shipping
HP,Hewlett Packard 763265-001 AMD FirePro W7100 8Gb GDDR5 PCIe 3.0 Video Graphic Card,480.00,Free Shipping
HP,HP Radeon HD 8350 1GB DDR3 PCI Express 3.0 x16 Low Profile Video Card E1C63AA,78.26,Free Shipping
HP,Product not found,119.00,Special Shipping
HP,HP INC. Z0B13AT SBUY NVIDIA QUADRO P5000 16GB GRAPHICS,2639.71,$49.99 Shipping
HP,HP Nvidia RTX 3060 Ti M31640-001 Gaming Video Graphics Card Non-LHR Ampere 8GB GDDR6 FHR Full Hash Rate,599.00,Free Shipping
HP,HP QK638AA Radeon 6350 Graphic Card - 512 MB DDR3 SDRAM - PCI Express 2.0 x16,129.00,$10.00 Shipping
HP,HP Radeon X1300PRO 256MB GDDR2 PCI Express x16 Low Profile Video Card AG392AA,139.00,$10.00 Shipping
HP,HP Tesla K40 Graphic Card - 12 GB,1323.35,$10.00 Shipping
HP,HP Radeon HD 4550 512MB DDR3 PCI Express x16 Low Profile Ready Video Card SG764AT,165.00,$10.00 Shipping
HP,HP Tesla K40c Graphic Card - 5 GB GDDR5,1323.35,$10.00 Shipping
HP,HP SG764AA Radeon 4550 Graphic Card - 512 MB DDR3 SDRAM - PCI Express 2.0 x16,165.00,$10.00 Shipping
HP,HP INC. - NSB OPTIONS Z9H51AA NVIDIA GEFORCE GT 730 DP 2GB,192.48,Free Shipping
HP,Used - Like New RX540 HP AMD Radeon 2GB GDDR5 PCI-E 3.0 X16 Laptop Graphics Card L17316-001 Laptop Video Cards,47.24,Special Shipping
HP,Refurbished HP Nvidia Quadro M2000 4GB GDDR5 844223-001 846379-001 T7T60AT T7T60AA,121.00,Free Shipping
HP,Refurbished HP AMD FirePro W2100 2GB 128bit DDR3 PCI-E 3.0 2xDP 102C5790900 762896-001 763264-001,69.99,Free Shipping
HP,Refurbished HP nVIDIA Quadro K4000 GPU 3GB PCIE x16 2xDP/DVI 700104-001 713381-001 C2J94AA,99.12,Free Shipping
HP,Refurbished HP NVIDIA GeForce GT 730 2GB DDR3 PCIe x8 802315-001 822349-001 N3R90AT N3R90AA,93.00,Free Shipping
HP,Refurbished HP AMD Radeon Pro WX 9100 16GB Graphics Card - 2TF01AT,1290.00,Free Shipping
HP,Refurbished HP 637995-001 ATI Radeon HD 6350 512MB PCIE x16 Video Card with VGA Y cord Full,49.00,$10.00 Shipping
HP,Refurbished HP Radeon 6350 LP 512MB Single Fan GDDR3 637995-001 Video Graphics Card GPU,19.85,Special Shipping
HP,Refurbished 783874-001 HP Nvidia Quadro K2200 4GB GDDR5 PCI-E X16 Graphics Video,116.84,Special Shipping
HP,Refurbished HP Quadro K6000 Single Fan 12GB GDDR5 713207-002 Video Graphic Card GPU,526.55,Special Shipping
HP,Refurbished HP nVIDIA Quadro P4000 8GB GDDR5 PCI-E 3.0 x16 900-5G410-0350-001 919989-002,359.00,Free Shipping
HP,Refurbished HP 637995-001 ATI Radeon HD 6350 512MB PCIE x16 Video Card with VGA Y cord Full,49.00,$10.00 Shipping
HP,Refurbished 1GB HP Quadro 2000 Graphics Card GDDR5 PCI Express 2.0 x16 DVI-I 2x DisplayPort WS094AA,165.00,$10.00 Shipping
HP,Refurbished 2GB HP Quadro K2000 GDDR5 PCI Express 2.0 x16 2x Displayports DVI Graphic Card C2J93AT,165.00,$10.00 Shipping
HP,Refurbished HP Radeon HD 8350 Graphic Card - 1 GB DDR3 SDRAM - PCI Express 3.0 x16 - Low-profile,129.00,$10.00 Shipping
HP,Refurbished 2GB HP nVIDIA Quadro 4000 PCI Express 2.0 x16 GDDR5 DVI-I 2 X DisplayPort WS095AT,249.75,$10.00 Shipping
HP,Refurbished HP nVIDIA Quadro K4000 GPU 3GB PCIE x16 Dual DP/DVI 700104-001 713381-001 C2J94AT,99.12,Free Shipping
HP,Refurbished HP nVidia Quadro RTX5000 16Gb GDDR6 PCIe 3.0x16 4xDP USB-C L40548-002 L44055-001 900-5G180-0300-001 F,1859.00,$18.00 Shipping
HP,Refurbished HP nVIDIA Quadro FX3000 FX 3000 AGP 256MB 345382-001 345854-001,229.00,$11.00 Shipping
HP,Refurbished HP Nvdia RTX A4000 16GB GDDR6 ECC 4xDP 900-5G190-0300-000 M12947-001 M41415-001,873.00,$18.00 Shipping
HP,Refurbished General Electric HP nVIDIA Quadro FX1500 412834-001 413109-001 900-50455-0300-000 412834-M01,295.00,$11.00 Shipping
HP,Refurbished HP QP027AA Radeon HD 6570 Graphic Card - 1 GB DDR3 SDRAM - PCI Express 2.0 x16 - Full-height,89.00,$11.00 Shipping
HP,Refurbished HP Quadro 5000 PCIe 2.5GB DVI 2xDP 608532-002 900-52007-0350-000 671138-001,199.00,$18.00 Shipping
HP,Refurbished HP Nvidia GeForce GT530 2GB HDMI DVI PCI-Express 649668-001 657106-001,109.00,$11.00 Shipping
HP,Refurbished HP nVIDIA GeForce GT730 1GB HDMI DVI PCI-E x8 917883-002 918361-002 917883-ZH2,99.00,$11.00 Shipping
HP,Refurbished HP Quadro K1200 4GB 4xDP PCI-e x16 L4D16AA 801195-002 846583-001 900-5G200-0300-100 T7T59AT,269.00,$11.00 Shipping
HP,Refurbished AMD Radeon RX 460 2GB GDDR5 PCI-e 3.0 x16 HDMI| DisplayPort & DVI| HP 910486-002,56.99,Free Shipping
